{
  "_description": "Instagram Square/Facebook - Optimized for social media square format",
  "_platform": "Instagram Posts, Facebook, LinkedIn",
  "_recommended_use": "Social media posts, testimonials, quote graphics with video",
  
  "FormatWidth": 1080,
  "FormatHeight": 1080,
  "FrameRate": "30",
  "PixelAspectRatio": 1.0,
  
  "VideoCodec": "h264",
  "VideoQuality": 0,
  "VideoBitRate": 6000000,
  "VideoProfile": "High",
  "EncodingProfile": "High",
  "Level": "4.0",
  "MultipassEncode": true,
  "BitrateMode": "VBR",
  "QPMin": 18,
  "QPMax": 28,
  "KeyFrameDistance": 60,
  "BFrames": 2,
  "EntropyMode": "CABAC",
  "Deblocking": true,
  "AdaptiveBFrames": true,
  "LookAhead": true,
  "PsychoVisual": true,
  
  "AudioCodec": "aac",
  "AudioBitRate": 256000,
  "AudioSampleRate": 48000,
  "AudioChannels": 2,
  "AudioProfile": "LC",
  
  "AlphaMode": 0,
  "NetworkOptimization": true,
  "FastStart": true,
  "ClosedGOP": false,
  
  "ColorPrimaries": "Rec709",
  "TransferCharacteristics": "Rec709",
  "MatrixCoefficients": "Rec709",
  "ColorRange": "Limited",
  
  "FileFormat": "mp4",
  "VideoCodecSubtype": "AVC-Intra",
  
  "_social_optimizations": {
    "comment": "Balanced settings for social media auto-play and engagement",
    "target_filesize_per_minute_mb": 20,
    "recommended_max_duration_seconds": 120
  }
}