{
  "_description": "TikTok/Instagram Reels Vertical - Optimized for mobile viewing and short-form content",
  "_platform": "TikTok, Instagram Reels, YouTube Shorts",
  "_recommended_use": "Vertical mobile content, short-form videos under 60 seconds",
  
  "FormatWidth": 1080,
  "FormatHeight": 1920,
  "FrameRate": "30",
  "PixelAspectRatio": 1.0,
  
  "VideoCodec": "h264",
  "VideoQuality": 0,
  "VideoBitRate": 8000000,
  "VideoProfile": "High",
  "EncodingProfile": "High",
  "Level": "4.0",
  "MultipassEncode": true,
  "BitrateMode": "VBR",
  "QPMin": 18,
  "QPMax": 30,
  "KeyFrameDistance": 30,
  "BFrames": 2,
  "EntropyMode": "CABAC",
  "Deblocking": true,
  "AdaptiveBFrames": true,
  "LookAhead": false,
  "PsychoVisual": true,
  
  "AudioCodec": "aac",
  "AudioBitRate": 192000,
  "AudioSampleRate": 44100,
  "AudioChannels": 2,
  "AudioProfile": "LC",
  
  "AlphaMode": 0,
  "NetworkOptimization": true,
  "FastStart": true,
  "ClosedGOP": true,
  
  "ColorPrimaries": "Rec709",
  "TransferCharacteristics": "Rec709",
  "MatrixCoefficients": "Rec709",
  "ColorRange": "Limited",
  
  "FileFormat": "mp4",
  "VideoCodecSubtype": "AVC-Intra",
  
  "_mobile_optimizations": {
    "comment": "Smaller GOP for better seeking on mobile, higher compression for data savings",
    "target_filesize_per_minute_mb": 25,
    "recommended_max_duration_seconds": 60
  }
}