{
  "_description": "YouTube 1080p High Quality - Optimized for YouTube upload with excellent quality/filesize balance",
  "_platform": "YouTube",
  "_recommended_use": "High quality uploads, long-form content, educational videos",
  
  "FormatWidth": 1920,
  "FormatHeight": 1080,
  "FrameRate": "30",
  "PixelAspectRatio": 1.0,
  
  "VideoCodec": "h264",
  "VideoQuality": 0,
  "VideoBitRate": 12000000,
  "VideoProfile": "High",
  "EncodingProfile": "High",
  "Level": "4.1",
  "MultipassEncode": true,
  "BitrateMode": "VBR",
  "QPMin": 16,
  "QPMax": 28,
  "KeyFrameDistance": 60,
  "BFrames": 3,
  "EntropyMode": "CABAC",
  "Deblocking": true,
  "AdaptiveBFrames": true,
  "LookAhead": true,
  "PsychoVisual": true,
  
  "AudioCodec": "aac",
  "AudioBitRate": 320000,
  "AudioSampleRate": 48000,
  "AudioChannels": 2,
  "AudioProfile": "LC",
  
  "AlphaMode": 0,
  "NetworkOptimization": true,
  "FastStart": true,
  "ClosedGOP": false,
  
  "ColorPrimaries": "Rec709",
  "TransferCharacteristics": "Rec709",
  "MatrixCoefficients": "Rec709",
  "ColorRange": "Limited",
  
  "FileFormat": "mov",
  "VideoCodecSubtype": "AVC-Intra"
}